1,7790310001486,3d 38 gr,0.00
2,7790310980774,3d queso 85 gr,1.00
3,77910318,43/70,2.00
4,77910431,43/70 largo,3.00
5,7791813421528,7up 1500,4.00
6,100000024,7up 237,5.00
7,7791813420521,7up 500,6.00
8,7791813421542,7up free 1500,7.00
9,7791813420491,7up free 500,8.00
10,7792200000128,9 de oro agridulce,9.00
11,7792200000319,9 de oro azucarado,10.00
12,7792200000159,9 de oro salado,11.00
13,7791337571853,actimel ,12.00
14,7791337222151,activia ciruela,13.00
15,7791337222212,activia kiwi,14.00
16,7793640215486,actron 400,15.00
17,7793640215523,actron 600,16.00
18,7791564012495,adler quesitos azul,17.00
19,7791564013355,adler quesitos gruyere,18.00
20,7791564012525,adler quesitos salame,19.00
21,7798065733485,agua 1500 sin gas sierra,20.00
22,7790315000439,agua 1500 sin gas villavicen,21.00
23,7798062547801,agua 500 cc. con gas villavic,22.00
24,7792799000011,agua 500 cc. sin gas eco,23.00
25,7798065733454,agua 500 cc. sin gas sierra,24.00
26,7790315000446,agua 500 cc. sin gas villavic,25.00
27,7798062547788,agua litro y 1/2 con gas,26.00
28,7790040298804,aguila alfajor ,27.00
29,77931528,aguila individual,28.00
30,7790407031013,aguila taza 100 grs.,29.00
31,131,album angry birds,30.00
32,8018190049213,album era del hielo,31.00
33,8018190025903,album floricienta,32.00
34,1567603266145,album garfield,33.00
35,100000189,album god,34.00
36,7798018612027,album hadas,35.00
37,8018190048759,album hombre araña,36.00
38,7798141535026,album jumper,37.00
39,100000188,album london 2012,38.00
40,100000190,album looney,39.00
41,100000186,album valiente,40.00
42,100000181,album vengadores,41.00
43,100000216,alfajor ambrosia,42.00
44,100000035,alfajor ambrosia x 5,43.00
45,100000144,alicates chicos,44.00
46,100000145,alicates grandes,45.00
47,100000010,alikal,46.00
48,7790895640452,aquarius 500 manzana,47.00
49,7790895641213,aquarius 500 naranja,48.00
50,7790895640445,aquarius 500 pera,49.00
51,7790895640469,aquarius 500 pomelo,50.00
52,7790895004032,aquarius 500 pomelo rosado,51.00
53,7790895641206,aquarius 500 uva,52.00
54,7790895640483,aquarius litro manzana,53.00
55,7790895641237,aquarius litro naranja,54.00
56,7790895640476,aquarius litro pera,55.00
57,7790895640490,aquarius litro pomelo,56.00
58,7790895004049,aquarius litro pomelo rosado,57.00
59,7790895641220,aquarius litro uva,58.00
60,7790580607418,arcor chocolate x 25 gr blan,59.00
61,7790580607210,arcor chocolate x 25 gr negr,60.00
62,100000104,argento tabaco pipa vainilla,61.00
63,100000219,argento tabaco pipa whisky,62.00
64,3057069079017,armador metal OCB,63.00
65,3057069017019,armador plastico OCB,64.00
66,100000036,arquito chupetin bolita,65.00
67,100000011,aspirinetas solo x tira,66.00
68,6932448200343,auricular acson as-ex34,67.00
69,885170046368,auricular panasonic powerful bass,68.00
70,6922900053501,auricular raia wtel0904,69.00
71,6938408087306,auricular shuoni sn-730mp,70.00
72,6930819500498,auricular suoyi superbass,71.00
73,7792799000622,awafrut,72.00
74,7791293028187,axe fusion,73.00
75,7791293022437,axe marine,74.00
76,7791293005362,axe music star,75.00
77,7791293022130,axe musk,76.00
78,7791293014951,axe twist,77.00
79,7791293009193,axe vice,78.00
80,7791100000481,azucar,79.00
81,7792860016217,baby doll,80.00
82,7790036000572,baggio 200 ml manzana,81.00
83,7790036000619,baggio 200 ml multifruta,82.00
84,7790036000565,baggio 200 ml naranja,83.00
85,7790036973289,baggio 200 ml naranja light,84.00
86,7790040996403,bagley alfajor blanco simple,85.00
87,7790040991910,bagley alfajor blanco triple,86.00
88,7790040996304,bagley alfajor negro simple,87.00
89,7790040375000,bagley alfajor negro triple,88.00
90,7790040999404,bagley salvado galletitas,89.00
91,100000196,barbies,90.00
92,100000012,bayaspiria c caliente,91.00
93,100000013,bayaspirina  ,92.00
94,100000014,bayaspirina  forte,93.00
95,100000015,bayaspirina C,94.00
96,100000105,beedies ganesh,95.00
97,77935366,beldent berry fresh mint,96.00
98,77995186,beldent chicle globo,97.00
99,77935359,beldent citrus fresh mint,98.00
100,77934062,beldent frutas rojas,99.00
101,77934079,beldent frutos verdes,100.00
102,7791249020043,beldent infinit amarillo,101.00
103,7506105602468,beldent infinit menta,102.00
104,7791249020142,beldent infinit rosa,103.00
105,77933997,beldent menta,104.00
106,77934000,beldent menta fuerte,105.00
107,77934055,beldent menta polar,106.00
108,77934086,beldent menta turbo,107.00
109,77934024,beldent mentol,108.00
110,77919342,beldent music mint,109.00
111,77933553,beldent sensations rojo,110.00
112,77933560,beldent sensations verde,111.00
113,77934093,beldent tropical twist,112.00
114,77934031,beldent white fresh mint,113.00
115,100000106,bencina comun,114.00
116,77915542,benson,115.00
117,77915627,benson box,116.00
118,77991430,biznike chico,117.00
119,7792730020559,biznike grande,118.00
120,77921598,bloquecito milka 30gr. Castañas,119.00
121,7622300594268,bloquecito milka 30gr. Ddl blanco,120.00
122,7622300399955,bloquecito milka 30gr. Ddl negro,121.00
123,77921932,bloquecito milka 30gr. leche,122.00
124,100000146,boligrafo birome,123.00
125,100000037,bombon de fruta grande,124.00
126,7790040613706,bon o bon alfajor simple,125.00
127,7790040614000,bon o bon alfajor triple ,126.00
128,77930002,bon o bon bombon,127.00
129,7790580346614,bon o bon oblea blanca,128.00
130,7790580346515,bon o bon oblea negra,129.00
131,7792222041437,bonafide bocadito,130.00
132,100000147,broche pelo grande c/u,131.00
133,100000148,broche pelo mediano c/u,132.00
134,100000149,broche pelo muy grande,133.00
135,100000038,bubaloo,134.00
136,22110079806,bubble tape,135.00
137,100000208,buscapina,136.00
138,100000040,butter toffies caramelos,137.00
139,100000042,cabsha bombon          ,138.00
140,77935175,cachafaz arroz amarillo,139.00
141,77935182,cachafaz arroz blanco,140.00
142,77930064,cachafaz arroz dorado,141.00
143,77990310,cachafaz blanco,142.00
144,77990303,cachafaz chocolate,143.00
145,77990327,cachafaz conito,144.00
146,77922106,cachafaz maizena,145.00
147,77930057,cachafaz mousse,146.00
148,7791249008768,cadbury 72 gr. Almendras,147.00
149,7791249011003,cadbury 72 gr. Intense,148.00
150,7791249008720,cadbury 72 gr. Leche,149.00
151,7791249008744,cadbury 72 gr. Pasas,150.00
152,7791249020104,cadbury 72 gr. Tres sueños,151.00
153,7791249020074,cadbury 72 gr. Yogur,152.00
154,7791249020067,cadbury yogur chico,153.00
155,8720400083572,cafe crème arome,154.00
156,8720400000425,cafe crème blue,155.00
157,8720400100743,cafe crème filter arome,156.00
158,8720400010240,cafe creme filter tip ,157.00
159,8720400178544,cafe creme filter tip arome,158.00
160,8720400161911,café creme finos ,159.00
161,8720400161928,café creme finos arome,160.00
162,8720400228065,café creme finos blue,161.00
163,8720400252589,cafe crème macchiato,162.00
164,100000220,cafe crème vainilla,163.00
165,100000209,cafiaspirina,164.00
166,100000016,cafiaspirina plus,165.00
167,100000150,caja negras pvc para cd/dvd,166.00
168,100000194,camara fotos juguete,167.00
169,77910974,camel,168.00
170,77929198,camel 10,169.00
171,77910936,camel blue,170.00
172,77910981,camel box,171.00
173,100000199,camion,172.00
174,8435124852624,candy art,173.00
175,77921970,captaris chico brazil,174.00
176,77918970,captaris chico cameroon,175.00
177,77908797,captaris chico java,176.00
178,77923714,captaris chico mexico,177.00
179,77921987,captaris grande brazil,178.00
180,77918956,captaris grande cameroon,179.00
181,77918932,captaris grande java,180.00
182,77923721,captaris grande mexico,181.00
183,100000210,carbon x tira,182.00
184,7790250054382,carilina pañuelo descartable,183.00
185,100000222,carpetas cartulina,184.00
186,7897653518555,cartas gaturro,185.00
187,7791337372009,casancrem light,186.00
188,7797216001145,casino naipes poker,187.00
189,7797216001039,casino naipes x 40 ,188.00
190,7797216001046,casino naipes x 50,189.00
191,100000223,CD ,190.00
192,100000192,celulares agua,191.00
193,6910021007206,cepillo dientes,192.00
194,7790895641749,cepita botella 1500 anana,193.00
195,7790895641534,cepita botella 1500 durazno,194.00
196,7790895641800,cepita botella 1500 naranja,195.00
197,7790895641732,cepita botellita 300 anana,196.00
198,7790895641541,cepita botellita 300 durazno,197.00
199,7790895641794,cepita botellita 300 naranja,198.00
200,7790895064319,cepita carton chico manzana,199.00
201,7790895065200,cepita carton chico multifruta,200.00
202,7790895064302,cepita carton chico naranja,201.00
203,7790895064340,cepita carton grande manzana,202.00
204,7790895065217,cepita carton grande multifruta,203.00
205,7790895064333,cepita carton grande naranja,204.00
206,7790895064326,cepita carton grande pomelo,205.00
207,77909145,cereal fort  frutilla,206.00
208,77909015,cereal fort azul,207.00
209,77909039,cereal fort gran rico,208.00
210,77909053,cereal fort manzana,209.00
211,77909008,cereal fort rojo,210.00
212,77916525,cereal mix chocolate almendras,211.00
213,77915818,cereal mix manzana light,212.00
214,77984395,cereal mix pasion,213.00
215,77935274,cereal mix yogur frutilla,214.00
216,7622300780838,cerealitas,215.00
217,7622300780814,cerealitas pocket,216.00
218,7730104012595,cerrito tabaco,217.00
219,4002153084322,cheetah tabaco,218.00
220,77919298,chesterfield,219.00
221,7798113330789,chips claro,220.00
222,100000151,chips movistar,221.00
223,100000152,chips personal,222.00
224,7790310001455,chizitos 38 gr,223.00
225,7790310980903,chizitos 85 gr,224.00
226,7798134062003,chocoarroz chocolate blanco,225.00
227,7798134060016,chocoarroz dulce de leche,226.00
228,7798134060580,chocoarroz limon ,227.00
229,7798134061785,chocoarroz marroc,228.00
230,7790040929906,chocolinas,229.00
231,7613033184185,chomp almendras,230.00
232,7613033990298,chomp avellana ,231.00
233,7613033189128,chomp dulce de leche,232.00
234,7792850000066,chuker,233.00
235,7792860011212,chupetoncito,234.00
236,7793940198007,cindor chico,235.00
237,7791337892071,cindor litro,236.00
238,100000153,cinta de embalaje,237.00
239,100000154,cinta scotch doble ancho,238.00
240,100000155,cinta scotch mediana,239.00
241,7798085680097,citric 250 cc ,240.00
242,7798085680127,citric 500 cc naranja,241.00
243,7798085680295,citric 500 cc naranja durazno,242.00
244,7798085680318,citric 500 cc naranja frutilla,243.00
245,7798085680141,citric litro naranja,244.00
246,7798085680301,citric litro naranja durazno,245.00
247,7798085680325,citric litro naranja frutilla,246.00
248,7622300401641,clight anana,247.00
249,7622300349349,clight frutos amarillos,248.00
250,7622300349370,clight frutos rojos,249.00
251,7622300349301,clight frutos verdes,250.00
252,7790050987651,clight lima limon,251.00
253,7790050001166,clight naranja,252.00
254,7790050985992,clight naranja dulce,253.00
255,7622300577964,clight naranja durazno,254.00
256,7790050986449,clight pera,255.00
257,7790050001258,clight pomelo,256.00
258,100000156,clips invisibles carton de 12,257.00
259,4000862230306,club master,258.00
260,7790895000430,coca 1500,259.00
261,7790895000997,coca 2250,260.00
262,7790895006968,coca 600,261.00
263,7790895001451,coca light 1500,262.00
264,7790895005312,coca light 2250,263.00
265,7790895006975,coca light 600,264.00
266,100000215,coca vidrio,265.00
267,7790895063015,coca vidrio light,266.00
268,7790895067556,coca zero 1500,267.00
269,7790895067570,coca zero 2250,268.00
270,7790895067549,coca zero 600,269.00
271,77922120,cofler block 110 gr.chocolate,270.00
272,77953124,cofler block 38 gr.chocolate,271.00
273,77932327,cofler extra coco,272.00
274,77932310,cofler extra maní,273.00
275,7790580619619,cofler extra marroc,274.00
276,7793100111341,colgate dentifrico,275.00
277,7790430000949,conogol chocolate,276.00
278,7790430006835,conogol dulce leche,277.00
279,100000157,cordon porta lentes,278.00
280,7790040377707,criollitas chicas,279.00
281,100000043,criollitas mas,280.00
282,7790206511105,croco,281.00
283,7791445001051,cruz de malta en saquitos,282.00
284,7791445001013,cruz de malta yerba 500,283.00
285,100000198,cuadriculado articulado,284.00
286,77970657,cubanitos de limon arcor,285.00
287,7702003469237,curitas x caja,286.00
288,100000158,curitas x unidad,287.00
289,7790416066549,cutex quitaesmalte fortalecedor,288.00
290,7790416066648,cutex quitaesmalte hipoalergenico,289.00
291,7790416066440,cutex quitaesmalte humectante,290.00
292,7791337531017,danette flan x unidad,291.00
293,77953070,danette postre chocolate x unidad,292.00
294,77953063,danette postre dulce leche x unidad,293.00
295,8008131001028,david ross x 10 unid.,294.00
296,100000159,David ross x 5 unid.,295.00
297,77910967,derby,296.00
298,77910158,derby suave,297.00
299,77939364,derby suave 10,298.00
300,77920249,derby suave largo,299.00
301,100000224,dinosaurios,300.00
302,100000045,Disney huevos ,301.00
303,100000046,dolca bananita chica,302.00
304,77929235,dolca bananita grande,303.00
305,5411808065514,domingo tabaco azul,304.00
306,5411808065507,domingo tabaco celeste,305.00
307,5411808015045,domingo tabaco cherry,306.00
308,5411808062803,domingo tabaco natural,307.00
309,5411808065064,domingo tabaco negro,308.00
310,100000107,domingo tabaco rojo 20 gr.,309.00
311,5411808062483,domingo tabaco strawberry,310.00
312,5411808062513,domingo tabaco vainilla,311.00
313,5411808065545,domingo tabaco virginia,312.00
314,7795735000045,don satur budin chips,313.00
315,7795735000038,don satur budin frutas,314.00
316,7795735000052,don satur budin marmolado,315.00
317,7795735000021,don satur budin vainilla,316.00
318,7795735000335,don satur dulce,317.00
319,7795735000328,don satur salado,318.00
320,7795735000106,don satur talitas,319.00
321,7790310980255,doritos 36 gr.,320.00
322,7790310000649,doritos 90 gr.,321.00
323,100000211,dorixina,322.00
324,77907509,dos corazones,323.00
325,7792222002841,drf anís,324.00
326,7792222002803,drf limon,325.00
327,7792222002865,drf menta,326.00
328,7792222002780,drf mentol,327.00
329,7792222002827,drf naranja,328.00
330,77930217,dunhill blonde,329.00
331,77930194,dunhill master,330.00
332,77930200,dunhill swiss,331.00
333,75040543,dunhill switch,332.00
334,41333016634,duracell AA,333.00
335,41333424019,duracell AAA,334.00
336,41333001043,duracell bateria 9 volt,335.00
337,71610500617,dutch master chocolate caja,336.00
338,100000108,dutch master chocolate x 1 ,337.00
339,100000160,dvd,338.00
340,7790129100219,encendedor cancun electronico,339.00
341,4800065241006,encendedor cricket electronico,340.00
342,100000161,encendedor magiclick premium,341.00
343,70330909229,encendedor maxibic ,342.00
344,70330913431,encendedor minibic,343.00
345,5011435624582,encendedor ronson a piedra,344.00
346,3086126612027,encendedor transparente,345.00
347,8888021204223,energizer AA,346.00
348,39800099099,energizer AAA,347.00
349,39800013613,energizer batería 9 v.,348.00
350,39800034083,energizer ultimate aa,349.00
351,39800079305,energizer ultimate aaa,350.00
352,7791293010908,enjuage frasco balance,351.00
353,7791293010601,enjuage frasco caida,352.00
354,7791293010700,enjuage frasco ceramidas,353.00
355,7791293010397,enjuage frasco crec. Fortificado,354.00
356,7791293010502,enjuage frasco liso perecto,355.00
357,7791293010823,enjuage frasco rizos obedientes,356.00
358,77901385,enjuage sachet balance,357.00
359,77901293,enjuage sachet ceramidas,358.00
360,77901491,enjuage sachet reconstruccion,359.00
361,100000089,epa alfajor,360.00
362,7790430009829,epa chocolate,361.00
363,7790430100311,epa crunch,362.00
364,7790430003797,epa dulce leche,363.00
365,7613034020666,epa rocker,364.00
366,100000162,escarapela,365.00
367,7790520000378,espirales (sobre x 4 unid),366.00
368,7798111390341,ESTE CODIGO ES ERRONEO,367.00
369,7501037600056,eveready AA,368.00
370,39800052636,eveready AAA,369.00
371,7501037600018,eveready D,370.00
372,100000047,evolution chupetin,371.00
373,7793677030366,exeter tabaco,372.00
374,1567603266251,extension angry birds,373.00
375,123,extensiones dragonball,374.00
376,7798040460030,extensiones penguin,375.00
377,22000008381,extra chicles fruit sensations,376.00
378,2289805,extra chicles polar,377.00
379,22000008459,extra chicles rosa,378.00
380,22000008404,extra chicles winter fresh,379.00
381,7790895000454,fanta 1500,380.00
382,7790895001017,fanta 2250,381.00
383,7790895063091,fanta 600,382.00
384,7790895000546,fanta pomelo 1500,383.00
385,7790895001024,fanta pomelo 2250,384.00
386,7790895641657,fanta pomelo 600,385.00
387,7790895002304,fanta zero 1500,386.00
388,7790895002342,fanta zero 600,387.00
389,7790206506958,feeling,388.00
390,7790206514397,felfort chocolate 75 gr.,389.00
391,7790206508365,felfort medallon dulce leche,390.00
392,78909434,ferrero rocher x 3,391.00
393,8018190049237,figu la era del hielo,392.00
394,100000182,figus angry birds,393.00
395,8018190025910,figus floricienta,394.00
396,1567603266138,figus garfield,395.00
397,7798018612003,figus god of war,396.00
398,7798018612034,figus hadas,397.00
399,8018190048773,figus hombre araña,398.00
400,100000187,figus london 2012,399.00
401,124,figus looney toons,400.00
402,8018190047790,figus monster,401.00
403,8018190049565,figus valiente,402.00
404,8018190049138,figus vengadores,403.00
405,100000109,filtro carton lion,404.00
406,100000110,filtros de carton lion,405.00
407,5411808032011,filtros domingo,406.00
408,3057068103720,filtros ocb ecologicos,407.00
409,3057068067787,filtros ocb extra slim,408.00
410,3057068029709,filtros ocb regular,409.00
411,3057068015986,filtros ocb slim ,410.00
412,5411808065095,fleur du pays,411.00
413,100000163,folios,412.00
414,100000164,fosforos chicos,413.00
415,7790590000230,fosforos grandes,414.00
416,8710151568268,free jack,415.00
417,101,frutas secas,416.00
418,7790045824893,frutigram chocolate,417.00
419,7790045001188,frutigram pasas,418.00
420,7790045001195,frutigram salvado,419.00
421,7897653511921,fut gogos,420.00
422,100000165,fuyi vape x 4,421.00
423,10058,galletas de arroz,422.00
424,100000112,garcia y vega english corona,423.00
425,7797430000016,gas chico,424.00
426,7794536000612,gas magiclick,425.00
427,7792170110568,gatorade 1250 cc berry,426.00
428,7792170110704,gatorade 1250 cc cool blue,427.00
429,7792170110575,gatorade 1250 cc manzana,428.00
430,7792170110551,gatorade 1250 cc naranja,429.00
431,7792170052059,Gatorade 200 ml. Manzana,430.00
432,7792170052011,Gatorade 200 ml. Naranja,431.00
433,7792170002054,gatorade 473 pomelo,432.00
434,7792170042234,gatorade 500 cc berry,433.00
435,7792170042258,gatorade 500 cc cool blue,434.00
436,7792170042050,gatorade 500 cc lima limon,435.00
437,7792170042265,gatorade 500 cc mango,436.00
438,7792170042005,gatorade 500 cc manzana,437.00
439,7792170042012,gatorade 500 cc naranja,438.00
440,7796004000865,gaturro lenteja chocolate,439.00
441,7796004000858,gaturro mani con chocolate,440.00
442,77970541,gavilan cigarrillos,441.00
443,77917911,georgalos chocolate sin azucar,442.00
444,100000166,gillette x caja de 3,443.00
445,100000167,gillette x caja de 5,444.00
446,100000168,gillette x unidad,445.00
447,77910585,gitanes,446.00
448,7792931000022,glaciar 1500,447.00
449,7792931000015,glaciar agua 500,448.00
450,77910905,gold leaf,449.00
451,100000169,gomitas de pelo finas,450.00
452,100000170,gomitas de pelo gruesas,451.00
453,100000200,gorras de 30,452.00
454,100000201,gorras de 40,453.00
455,7790480008254,green hills te,454.00
456,100000113,guantanamera cristales c/u,455.00
457,77980229,guaymallen chocolate,456.00
458,77980236,guaymallen fruta,457.00
459,77980212,guaymallen leche,458.00
460,7791813420248,H2O 500 citrus,459.00
461,7791813420910,H2O 500 limoneto,460.00
462,7791813420262,H2O 500 naranja,461.00
463,7622300335076,habanitos,462.00
464,77912732,halls cherry,463.00
465,77924285,halls creamy frutilla,464.00
466,77927309,halls creamy manzana,465.00
467,77924261,halls creamy mora,466.00
468,77918536,halls free cherry,467.00
469,77918543,halls free menta,468.00
470,77919915,halls free mora,469.00
471,77933928,halls menta,470.00
472,77933911,halls mentoliptus,471.00
473,77921420,halls miel,472.00
474,77905277,halls miel con limon,473.00
475,77905291,halls miel con menta,474.00
476,77902269,halls mora,475.00
477,77933904,halls strong,476.00
478,77921406,halls uva verde,477.00
479,77917317,halls vita-c frutilla,478.00
480,77917331,halls vita-c limon,479.00
481,77917324,halls vita-c naranja,480.00
482,77924834,halls vita-c sania,481.00
483,7794612065719,hamlet almendras,482.00
484,7794612017510,hamlet bicolor,483.00
485,7794612066310,hamlet blanco,484.00
486,7794612065818,hamlet dulce de leche.,485.00
487,7613034003676,helado hello kitty,486.00
488,8720400074389,henri wintermann tubo,487.00
489,100000171,hojas sueltas de impresora,488.00
490,77936455,huevo kinder,489.00
491,100000017,ibuevanol,490.00
492,7797257000121,Ivess agua 500,491.00
493,7797257000725,ivess sabor citrus,492.00
494,7797257000916,ivess sabor manzana,493.00
495,7797257000886,ivess sabor naranja,494.00
496,7797257000848,ivess sabor pomelo,495.00
497,7791293018256,jabon lux luminoso,496.00
498,7791293018232,jabon lux pera,497.00
499,7791293018195,jabon lux refescate,498.00
500,7791293018218,jabon lux sorprendeme,499.00
501,7891024112052,jabon polyana bouquet,500.00
502,7891024112045,jabon polyana charme,501.00
503,77920355,jockey rojo,502.00
504,77910370,jockey suave,503.00
505,77939388,jockey suave 10,504.00
506,77910684,jockey suave largo,505.00
507,77901705,jorgelin blanco,506.00
508,77901729,jorgelin negro,507.00
509,77905758,jorgito alfajor blanco,508.00
510,77905741,jorgito alfajor negro,509.00
511,7790957000668,jorgito bizcochitos 200 gr.,510.00
512,100000051,jorgito conito,511.00
513,7790957000538,jorgito tubo blanco,512.00
514,7790957000552,jorgito tubo fruta,513.00
515,7790957000569,jorgito tubo mousse,514.00
516,7790957000545,jorgito tubo negro,515.00
517,7622300656508,jugo tang anana,516.00
518,7622300631215,jugo tang limonada,517.00
519,7622300631161,jugo tang manzana,518.00
520,7622300401016,jugo tang maracuya,519.00
521,7622300580292,jugo tang mix sanía y melon,520.00
522,7622300580162,jugo tang mix uva y mango,521.00
523,7622300637231,jugo tang multifruta,522.00
524,7622300615840,jugo tang naranja,523.00
525,7622300623913,jugo tang naranja dulce,524.00
526,7622300649814,jugo tang naranja-banana ,525.00
527,7622300618599,jugo tang naranja-banana-frutilla,526.00
528,7622300656447,jugo tang naranja-durazno,527.00
529,7622300622237,jugo tang pera,528.00
530,7622300658915,jugo tang pomelo rosado,529.00
531,7790040173200,kesitas en caja,530.00
532,7790040003606,kesitas en sobre,531.00
533,7790310002568,kessbum 100 gr,532.00
534,7790310003251,kessbum pizza 100 gr.,533.00
535,80050315,kinder barrita chica 12.5 gr.,534.00
536,80052760,kinder bueno,535.00
537,80177609,kinder chocolate x 4,536.00
538,40084107,kinder huevo ,537.00
539,80050094,kinder maxi 21 gr.,538.00
540,7794000595583,knorr quick caja choclo,539.00
541,7794000595552,knorr quick caja vegetales,540.00
542,7794000595576,knorr quick caja zapallo,541.00
543,100000001,knorr quick sobre choclo,542.00
544,100000002,knorr quick sobre esparragos,543.00
545,100000003,knorr quick sobre esparragos light,544.00
546,100000004,knorr quick sobre espinaca light,545.00
547,100000005,knorr quick sobre pollo,546.00
548,100000006,knorr quick sobre vegetales,547.00
549,100000007,knorr quick sobre zapallo,548.00
550,100000008,knorr quick sobre zapallo light,549.00
551,7793100120060,Kolynos dentifrico ,550.00
552,77917188,la gotita,551.00
553,77906731,la gotita gel,552.00
554,7790150115039,la virginia café saquitos x caja,553.00
555,7790150695883,la virginia café saquitos x unidad,554.00
556,7790150295137,la virginia capuccino x caja,555.00
557,7790150695746,la virginia capuccino x unidad,556.00
558,7790150696750,la virginia te,557.00
559,7613033990311,lafrutta anana,558.00
560,7613033086755,lafrutta frutilla,559.00
561,7613033075070,lafrutta kiwi,560.00
562,4008321977328,lamparas 28 w         ,561.00
563,4008321977342,lamparas 42 w,562.00
564,4008321977366,lamparas 53 w  ,563.00
565,4008321977380,lamparas 70 w,564.00
566,7790036972602,latte chica,565.00
567,7790036948294,latte litro,566.00
568,7790310980576,lays 150 gr,567.00
569,7790310001226,lays 38 gr,568.00
570,7790310601679,lays 85 gr,569.00
571,7790310000717,lays mediterraneas 70 gr,570.00
572,7790310001288,lays queso y cebolla 76 gr,571.00
573,7790310003138,lays restó lomo 34 gr.,572.00
574,7790310001868,lays restó lomo 70 gr.,573.00
575,7790310001844,lays restó parmesano 70 gr.,574.00
576,7790310001851,lays restó pechuga 70 gr.,575.00
577,77916006,le mans,576.00
578,77916198,le mans largo,577.00
579,7793940441004,leche litro carton descremada,578.00
580,7793940454004,leche litro carton entera,579.00
581,7793940449000,leche litro sachet,580.00
582,100000202,lentes lectura 30,581.00
583,100000203,lentes lectura 40,582.00
584,100000204,lentes sol 30,583.00
585,100000205,lentes sol 40,584.00
586,7798062549225,levitee 1500 anana,585.00
587,7798062548709,levitee 1500 manzana,586.00
588,7798062548648,levitee 1500 naranja,587.00
589,7798062540253,levitee 1500 pera,588.00
590,7798062548679,levitee 1500 pomelo,589.00
591,7798062541021,levitee 1500 pomelo rosado,590.00
592,7798062549232,levitee 500 anana,591.00
593,7790315000675,levitee 500 limonada,592.00
594,7798062548716,levitee 500 manzana,593.00
595,7798062548655,levitee 500 naranja,594.00
596,7798062540260,levitee 500 pera,595.00
597,7798062548686,levitee 500 pomelo,596.00
598,7798062541038,levitee 500 pomelo rosado,597.00
599,100000052,licorfort,598.00
600,100000053,licoritas,599.00
601,100000172,lima de uñas,600.00
602,7794922501723,lima de uñas x caja,601.00
603,7622300742690,lincoln,602.00
604,100000054,linterna laser pop,603.00
605,100000055,lipo superacidos,604.00
606,77926289,lm light,605.00
607,77926258,lm light box,606.00
608,8710151546556,look out tabaco american,607.00
609,8710151546549,look out tabaco holland,608.00
610,8710151577178,look out tabaco natural,609.00
611,8710151577192,look out tabaco vainilla,610.00
612,7791293041223,lord cheseline fijador,611.00
613,7795907000392,luchetti fideos,612.00
614,78017689,lucky original,613.00
615,78017696,lucky original 10,614.00
616,77910059,lucky strike,615.00
617,77901538,lucky strike 10,616.00
618,77936523,lucky strike 10 click,617.00
619,77910066,lucky strike box,618.00
620,77929068,lucky strike box click,619.00
621,77936707,lucky strike click,620.00
622,7790430000161,luxor bombon,621.00
623,7613031728053,luxor dulce leche,622.00
624,7790040439207,mana rellenas chocolate,623.00
625,7790040439108,mana rellenas limon,624.00
626,4006396157805,manitou virginia blue,625.00
627,4006396157850,Manitou virginia gold,626.00
628,7622300742744,manon,627.00
629,7791249451472,mantecol 110 gr.,628.00
630,7791249010549,mantecol 25 gr.,629.00
631,100000057,mantecol 40 gr.,630.00
632,7791249021453,mantecol extremo,631.00
633,77916433,marlboro,632.00
634,77917843,marlboro 10,633.00
635,77914064,marlboro 16,634.00
636,77918482,marlboro box,635.00
637,77905819,marlboro gold,636.00
638,77977823,marlboro ice fresh,637.00
639,77977885,marlboro silver mint,638.00
640,100000058,marroc,639.00
641,5018819902700,mazo penguin,640.00
642,1567603266268,mazos angry,641.00
643,125,mazos dragonball,642.00
644,100000060,medallon de menta felfort,643.00
645,7790430005845,mega almendras,644.00
646,7613032478940,mega chocolate,645.00
647,7613033851681,mega tres chocolates,646.00
648,7622300742775,melba,647.00
649,77903365,melbour,648.00
650,7790040930209,mellizas,649.00
651,100000061,menta cristal,650.00
652,7792222003732,mentitas fruta,651.00
653,7792222003718,mentitas menta,652.00
654,77946805,mentoplus free cereza,653.00
655,77946812,mentoplus free durazno,654.00
656,77927989,mentoplus free limon,655.00
657,77946829,mentoplus free mentol,656.00
658,77946836,mentoplus free pomelo,657.00
659,78916401,mentos frutas  ,658.00
660,78925281,mentos frutilla,659.00
661,78928275,mentos magic,660.00
662,78924192,mentos manzana,661.00
663,78916418,mentos menta,662.00
664,7790040932708,merengadas,663.00
665,100000218,miel caramelos ,664.00
666,100000212,migral x tira,665.00
667,100000018,migral x unidad,666.00
668,7622300457266,milka alfajor simple blanco,667.00
669,7622300759506,milka alfajor simple negro,668.00
670,100000062,milka almendra 70 gr.,669.00
671,100000063,milka blanco 70 gr.,670.00
672,7622300594282,milka blanco dulce leche 70 gr.,671.00
673,7622300056483,milka leche 70 gr.,672.00
674,100000064,milka leger almendra x 100 gr.,673.00
675,7790114015177,milka leger leche x 100 gr.,674.00
676,77916112,milka leger x 45 gr. Almendra,675.00
677,77916136,milka leger x 45 gr. Blanco,676.00
678,77916129,milka leger x 45 gr. Combinado,677.00
679,100000065,milka leger x 45 gr. Leche,678.00
680,7622300400026,milka negro dulce leche 70 gr.,679.00
681,100000066,milka oreo blanco 70 gr.,680.00
682,7622300249113,milka oreo negro 70 gr.,681.00
683,100000067,milka triple alfajor blanco,682.00
684,77903785,milka triple alfajor mousse,683.00
685,7622300347529,milka triple alfajor oreo,684.00
686,7622300179540,milka x 170 gr. Almendra,685.00
687,7790114900657,milka x 170 grs.leche,686.00
688,7798087950037,minifusor boquilla,687.00
689,100000114,minifusor repuesto x par,688.00
690,7798087950051,minifusor repuesto x tira,689.00
691,7622300335090,minirodesia,690.00
692,100000027,mirinda 237,691.00
693,7791813420156,mirinda 500,692.00
694,7790580618315,mogul cocodrilo,693.00
695,100000068,mogul moras,694.00
696,7790580199913,mogul ositos,695.00
697,7790580602000,mogul rollo,696.00
698,100000069,mogul tiburon,697.00
699,100000070,moneda pirata,698.00
700,100000091,monkey helado,699.00
701,7613034003461,monster monkey helado,700.00
702,4002153008793,moro dark blend,701.00
703,4002153020535,moro golden shag,702.00
704,4002153020559,moro halfzware shag,703.00
705,4002153011755,moro tabaco mango,704.00
706,4002153011786,moro tabaco vainilla,705.00
707,4002153008762,moro virginia,706.00
708,77939838,mr. Monkey,707.00
709,77950222,multimint,708.00
710,100000195,muñequitas chicas,709.00
711,7935729,nerds amarillo/rojo,710.00
712,79200370213,nerds azul/naranja,711.00
713,7933925,nerds naranja/verde,712.00
714,7933624,nerds rosa/violeta,713.00
715,7613033521164,Nescafe dolca ,714.00
716,100000207,Nescafe dolca suave,715.00
717,7790430009119,nesquik,716.00
718,77912824,next,717.00
719,7790060054060,nobleza gaucha yerba,718.00
720,7790380016922,nucrem 84 gr.,719.00
721,7792222041062,nugaton blanco,720.00
722,7792222041055,nugaton negro,721.00
723,7790520161055,off aerosol,722.00
724,77991973,off locion,723.00
725,77903501,opera,724.00
726,7622300742430,oreo galletitas,725.00
727,77916495,oreo triple alfajor,726.00
728,100000072,palitos de la selva,727.00
729,100000115,papel armar abadie,728.00
730,644536227113,papel armar doble platinum chocolate,729.00
731,644536226314,papel armar doble platinum durazno,730.00
732,644536227410,papel armar doble platinum miel,731.00
733,54137318,papel armar domingo,732.00
734,30042452,papel armar OCB blanco,733.00
735,30054257,papel armar OCB corto azul,734.00
736,30071704,papel armar OCB corto blue expert,735.00
737,30063082,papel armar OCB corto negro,736.00
738,30068926,papel armar OCB gris expert,737.00
739,30058569,papel armar OCB king size negro,738.00
740,30086357,papel armar OCB king size oro,739.00
741,30052765,papel armar OCB negro premium,740.00
742,30087859,papel armar OCB organico,741.00
743,100000124,papel armar ombu,742.00
744,716165174172,papel armar raw,743.00
745,77925671,papel armar roots,744.00
746,84157041,papel armar smoking chico,745.00
747,84196736,papel armar smoking orange,746.00
748,7798038157430,papel higienico scott,747.00
749,7798038150295,papel higienico scott aloe vera,748.00
750,100000073,paragüitas,749.00
751,77910325,parisiennes,750.00
752,77936431,parisiennes 10,751.00
753,77910950,parisiennes box,752.00
754,77929891,parliament,753.00
755,7791813421368,paso toros pomelo 1500,754.00
756,7791813420385,paso toros pomelo 500,755.00
757,7791813421382,paso toros tonica 1500,756.00
758,7790310000786,pehuamar mani pelado 100 gr,757.00
759,7790310920749,pehuamar mani pelado 180 gr,758.00
760,7790310000878,pehuamar palitos queso 90 gr,759.00
761,100000173,peine,760.00
762,740617176988,pendrive 16 gb dt 101,761.00
763,740617176964,pendrive 8 gb dt 101,762.00
764,740617196528,pendrive 8 gb micro,763.00
765,7790310980118,pep palitos 63 gr,764.00
766,7790310980231,pep rueditas 74 gr.,765.00
767,7798054220156,pepas 200 gr.,766.00
768,7798054220149,pepas terepin 400 gr.,767.00
769,4006396139665,pepe tabaco virginia 30 gr.,768.00
770,77915481,pepitos alfajor triple,769.00
771,7622300741716,pepitos chispas,770.00
772,7622300339715,pepitos galletitas,771.00
773,100000028,pepsi 237,772.00
774,7791813420118,pepsi 500,773.00
775,7791813421115,pepsi1500,774.00
776,77912879,philip morris,775.00
777,77913418,philip morris 10,776.00
778,77934635,philip morris 10 caps,777.00
779,77905710,philip morris 15,778.00
780,77912954,philip morris box,779.00
781,77940735,philip morris caps,780.00
782,8712581496555,philips auricular extra bass,781.00
783,8712581498382,philips auricular mix and match,782.00
784,8712581397883,philips auricular she1360,783.00
785,70235109106,phillies blunt chocolate x caja,784.00
786,70235000557,phillies blunt chocolate x unidad,785.00
787,70235103517,phillies titan x caja,786.00
788,100000127,phillies titan x unidad,787.00
789,100000128,picador ficha poker grande,788.00
790,100000129,picador galleta,789.00
791,100000130,picador plastico redondo ,790.00
792,100000074,pico dulce chupetin,791.00
793,7613033086137,pico dulce helado,792.00
794,103,pipa de madera,793.00
795,102,pipa de marlo,794.00
796,100000131,pipa llavero,795.00
797,77965233,pipas girasol,796.00
798,100000132,pipas metal blister,797.00
799,100000133,pipas metal locas,798.00
800,100000029,pomelo 237,799.00
801,7790310002285,popkorn ,800.00
802,7790310002711,popkorn chocolate 70 gr,801.00
803,100000103,popkorn frutilla,802.00
804,7791337303072,postre ser chocolate x unid,803.00
805,7790895641190,powerade 500 amarillo,804.00
806,7790895640025,powerade 500 azul,805.00
807,7790895640018,powerade 500 manzana,806.00
808,7790895640032,powerade 500 naranja,807.00
809,7790895641183,powerade 500 rojo,808.00
810,7794122013071,poxiran,809.00
811,7501009222729,prestobarba azul,810.00
812,7501009224174,prestobarba verde,811.00
813,7791519200021,prime anatómico,812.00
814,7791519200076,prime espermicida,813.00
815,7791519000676,prime extralubricado,814.00
816,7791519701030,prime large,815.00
817,7791519702112,prime retardante,816.00
818,7791519702099,prime skin,817.00
819,7791519200045,prime super fino,818.00
820,7791519200090,prime tachas,819.00
821,7791519200069,prime texturado,820.00
822,7791519701061,prime ultra fino,821.00
823,7465603180505,principes chocolate,822.00
824,37000185109,pringles chicas cebolla,823.00
825,37000185086,pringles chicas original,824.00
826,37000185123,pringles chicas queso,825.00
827,37000511793,pringles grandes cebolla,826.00
828,37000511786,pringles grandes original,827.00
829,37000380405,pringles grandes picante,828.00
830,37000511809,pringles grandes queso,829.00
831,37000185239,pringles mediana cebolla,830.00
832,37000185215,pringles mediana original,831.00
833,37000185192,pringles mediana queso,832.00
834,100000134,pueblo tabaco,833.00
835,7793360000485,pure de tomate,834.00
836,4891228530136,quattro afeitadora,835.00
837,7793940459009,queso por salut untable light,836.00
838,7793940328008,queso rallado 40 gr.,837.00
839,7798171930013,rad 60,838.00
840,77970763,red point mentolado,839.00
841,77900883,red point rojo,840.00
842,77922304,refresco celeste,841.00
843,77922281,refresco naranja,842.00
844,77922267,refresco rojo,843.00
845,100000019,rennie,844.00
846,7792540230841,resma,845.00
847,7790040719804,rex en caja,846.00
848,7790040003569,rex en sobre,847.00
849,77995681,rhodesia,848.00
850,7790580327415,rocklets,849.00
851,7790250022657,rollo de cocina ,850.00
852,100000009,rosamonte yerba ,851.00
853,7792222002902,rueditas,852.00
854,7790040930506,rumba,853.00
855,7790580716707,saladix jamon,854.00
856,7790580697303,saladix pizza,855.00
857,7790580716806,saladix salame,856.00
858,100000097,sandwich arabe jamon,857.00
859,100000098,sandwich miga jamon,858.00
860,100000099,sandwich miga salame,859.00
861,100000100,sandwich pebete jamon,860.00
862,100000101,sandwich pebete salame,861.00
863,77955272,ser alfajor,862.00
864,77936288,ser cereal durazno,863.00
865,77936271,ser cereal frutilla,864.00
866,77936264,ser cereal manzana,865.00
867,100000075,ser cereal pera,866.00
868,7798062548310,ser citrus 500,867.00
869,7790040939400,ser galletitas crakers,868.00
870,100000020,sertal,869.00
871,7790045823100,sesamo granix,870.00
872,7791293010632,shampu frasco caida,871.00
873,7791293010748,shampu frasco ceramidas,872.00
874,7791293011752,shampu frasco color vital,873.00
875,7791293010786,shampu frasco crema,874.00
876,7791293011110,shampu frasco reconstruccion,875.00
877,77935847,shampu sachet ceramidas,876.00
878,77901378,shampu sachet crema,877.00
879,77935854,shampu sachet reconstruccion,878.00
880,7591066701015,shick Xtreme 3,879.00
881,77956699,shot alfajor triple,880.00
882,7622300424084,shot chocolate x 170 grs.,881.00
883,77914217,shot chocolate x 35 gr.,882.00
884,7790114901234,shot confites mani ,883.00
885,7891010891220,siempre libre ultrafina,884.00
886,100000092,sin parar chocolate,885.00
887,7790430009355,sin parar dulce leche,886.00
888,100000093,sin parar futilla,887.00
889,40000001621,skittles lila,888.00
890,4016007,skittles rojo,889.00
891,7790310000236,snack mix,890.00
892,7622300335052,snacky,891.00
893,100000076,snickers chico,892.00
894,100000077,snickers grande,893.00
895,100000175,sobres manila,894.00
896,100000176,sobres para cd,895.00
897,100000197,sonajero bebe,896.00
898,7790040931206,sonrisas ,897.00
899,7798119220015,Speed,898.00
900,7790895000447,sprite 1500,899.00
901,7790895001000,sprite 2250,900.00
902,7790895007439,sprite 600,901.00
903,7790895064173,sprite zero 1500,902.00
904,7790895064166,sprite zero 2250,903.00
905,7790895064159,sprite zero 600,904.00
906,7790580056001,sugus confitados,905.00
907,100000078,sugus max  anana  3 x 1 $,906.00
908,100000079,sugus max  frutilla  3 x 1 $,907.00
909,100000080,sugus max  menta  3 x 1 $,908.00
910,100000081,sugus max  tuti fruti  3 x 1 $,909.00
911,100000082,sugus max  uva  3 x 1 $,910.00
912,100000083,sugus sorpresa 50 gr.,911.00
913,100000084,sugus sueltos,912.00
914,100000135,swishers sweet perectos c/u,913.00
915,25900212216,swishers sweet perectos caja,914.00
916,100000021,tafirol,915.00
917,7790387531732,taragui te,916.00
918,7790387013023,taragui yerba ,917.00
919,8424248998912,tarjetas adrenalyn,918.00
920,100000022,te vick forte,919.00
921,100000193,telefono cara,920.00
922,7790040948709,tentaciones,921.00
923,77939234,terrabusi simple alfajor negro,922.00
924,77903792,terrabusi triple alfajor dulce leche,923.00
925,77903860,terrabusi triple alfajor torta,924.00
926,78605831,tic tac frutilla,925.00
927,78600010,tic tac menta,926.00
928,78602649,tic tac mentol,927.00
929,78605039,tic tac mix,928.00
930,78600027,tic tac naranja,929.00
931,77900845,tita,930.00
932,7790206509805,tivis,931.00
933,7792170000449,toddy galletitas 210 gr.,932.00
934,7792170000432,toddy galletitas 75 gr.,933.00
935,7790580746711,tofi 55 gr. Blanco,934.00
936,7790580746612,tofi 55 gr. negro,935.00
937,77974648,tofi blanco 28 gr.,936.00
938,77972279,tofi bocadito,937.00
939,77974631,tofi negro 28 gr.,938.00
940,100000031,tonica 237,939.00
941,77939753,top line 7 atomic strong,940.00
942,77932693,top line 7 mandarina,941.00
943,77931764,top line 7 menta ,942.00
944,77951113,top line 7 vibrant strawberry,943.00
945,7790580389819,top line defense confitados ,944.00
946,7790580386214,top line fruta confitados ,945.00
947,7790580386313,top line menta confitados ,946.00
948,7790580388317,top line menta fuerte confitados ,947.00
949,77935465,top line tira change,948.00
950,77916389,top line tira fruta,949.00
951,77916426,top line tira menta,950.00
952,77916396,top line tira menta fuerte,951.00
953,7613032289966,torpedo frutilla,952.00
954,7613032290092,torpedo limon,953.00
955,77913357,torroncino rojo,954.00
956,7790206513383,torroncino verde,955.00
957,100000085,tortuguita gody,956.00
958,7790040872103,traviata,957.00
959,7790580316815,trenz chicle,958.00
960,100000086,tres sueños chico,959.00
961,8437000482536,trolli neon 50 gr.,960.00
962,8437000482543,trolli sour 50 grs.,961.00
963,7791014090325,tulipan,962.00
964,100000136,turbina chica,963.00
965,100000137,turbina grande,964.00
966,100000138,turbina llavero,965.00
967,77940131,turron    ,966.00
968,7798040592588,turron bakugan,967.00
969,100000087,tutucas,968.00
970,7790017009921,twister manzana,969.00
971,7790017006616,twister naranja,970.00
972,7790017006715,twister pomelo,971.00
973,7798130950014,twister pop,972.00
974,7790017006814,twister sania,973.00
975,7790310003022,twistos jamon 112 gr.,974.00
976,7790310002995,twistos jamon 45 gr,975.00
977,7790310003039,twistos queso 112 gr,976.00
978,7790310003008,twistos queso 45 gr,977.00
979,7790387130294,union yerba,978.00
980,100000023,uvasal,979.00
981,7798108841122,v8 mentol,980.00
982,7798108841092,v8 rojo,981.00
983,100000088,vaca lechera carmelos sueltos,982.00
984,7790628102684,vainillas,983.00
985,7622300691639,variedad 400 grs.,984.00
986,100000141,vasco da gama gr x unid.,985.00
987,100000142,Vasco da gama grandes x caja,986.00
988,100000177,vasos,987.00
989,77976109,vauquita,988.00
990,7798138290167,vauquita alfajor ,989.00
991,7798138290273,vauquita alfajor maizena,990.00
992,7798138290037,vauquita grande ,991.00
993,7798138290143,vauquita grande light,992.00
994,77927361,vauquita light,993.00
995,77910455,viceroy,994.00
996,77920423,viceroy box,995.00
997,77910622,viceroy light,996.00
998,77939531,viceroy switch,997.00
999,77939555,viceroy switch box,998.00
1000,77908483,virginia negro,999.00
1001,77908285,virginia super,1000.00
1002,7790040177307,vocacion,1001.00
1003,100000178,voligoma,1002.00
1004,22000006660,wrigley grandes doublemint,1003.00
1005,2266707,wrigley grandes fruta,1004.00
1006,22000001733,wrigleys chicos fruta,1005.00
1007,22000001726,wrigleys chicos menta,1006.00
1008,77904744,yapa,1007.00
1009,7793333013375,yelli gomitas ,1008.00
1010,7793940333026,yogur bebible entero frutilla,1009.00
1011,7793940333019,yogur bebible entero vainilla,1010.00
1012,7791337332027,yogur bebible ser frutilla,1011.00
1013,7791337332850,yogur bebible ser multifruta,1012.00
1014,7793940135217,yogur entero con cereal,1013.00
1015,7791337993235,yogur ser con cereal,1014.00
1016,7791337499003,yogur ser con colchon y cereal,1015.00
1017,7793940102882,yogur ser con fruta,1016.00
1018,7791337012028,yogur vasito entero frutilla,1017.00
1019,7791337012011,yogur vasito entero vainilla,1018.00
1020,7793940104022,yogur vasito ser frutilla,1019.00
1021,7793940104015,yogur vasito ser vainilla,1020.00
1022,7791249792018,yummy,1021.00
1023,41689300494,zippo bencina,1022.00
1024,41689560010,zippo mechas,1023.00
1025,100000143,zippo piedras,1024.00
